Lap,nSamples,mean,DeltaToWT
1,0,NaN,NaN
2,51,-1.93399039696202,-0.0224096030379752
3,0,NaN,NaN
4,77,-1.99075435553029,0.0213543555302886
5,0,NaN,NaN
6,126,-1.97818491093472,0.00878491093472267
